{
  "script": "corpus_tfidf_cocitation",
  "output": "submissions\\corpus_tfidf_cocit_smoke_300k.csv",
  "elapsed_seconds": 118.13,
  "laws": 175933,
  "courts": 263211,
  "cocit_nodes": 49985,
  "label_cocit_nodes": 2039,
  "median_n": 3,
  "best_fixed_n": 43,
  "best_fixed_f1": 0.2665216576961398,
  "gap_f1": 0.0474833186863262,
  "gap_avg_n": 2.3,
  "use_gap": false,
  "final_val_f1": 0.2665216576961398,
  "fixed_scores": {
    "1": 0.03474955065224343,
    "2": 0.0474833186863262,
    "3": 0.0552953712953713,
    "4": 0.06753816941796481,
    "5": 0.07887792960331937,
    "6": 0.08908310871518418,
    "7": 0.08628133869329882,
    "8": 0.08366278166278165,
    "9": 0.0993308434484905,
    "10": 0.1033493230250115,
    "11": 0.10041344241568498,
    "12": 0.10181550331085595,
    "13": 0.10965525066331519,
    "14": 0.1128852991271024,
    "15": 0.11590840997612195,
    "16": 0.11687502941052637,
    "17": 0.11745831873949879,
    "18": 0.11473242473242473,
    "19": 0.11516570457036375,
    "20": 0.12432781195609668,
    "21": 0.13336646669464008,
    "22": 0.1354824493241184,
    "23": 0.14033983103846684,
    "24": 0.1499850406172057,
    "25": 0.16199812292642082,
    "26": 0.17403749748268998,
    "27": 0.18831850484024398,
    "28": 0.19630146249063918,
    "29": 0.20660346796661325,
    "30": 0.21697588126159553,
    "31": 0.2268059046716055,
    "32": 0.2350790418117298,
    "33": 0.24311059741622404,
    "34": 0.25091131715759324,
    "35": 0.2560522733600778,
    "36": 0.2610407597756995,
    "37": 0.26209656449555874,
    "38": 0.26315031417972595,
    "39": 0.264200832355027,
    "40": 0.2653872586128119,
    "41": 0.26415234789035075,
    "42": 0.26534360647641175,
    "43": 0.2665216576961398,
    "44": 0.2653606373205023,
    "45": 0.2640690815306632,
    "46": 0.26055053424152563,
    "47": 0.2571265187772047,
    "48": 0.2537932007767043,
    "49": 0.25054695414331063,
    "50": 0.24738434687771269,
    "51": 0.2443021280669738,
    "52": 0.24129721591963124,
    "53": 0.23836668674905073,
    "54": 0.23550776481757768,
    "55": 0.23271781296320868,
    "56": 0.22999432393860425,
    "57": 0.22733491239942852,
    "58": 0.2276358582099855,
    "59": 0.22505648879979062,
    "60": 0.22253586715088708
  },
  "avg_test_n": 43.0,
  "expand_query": true,
  "per_query": [
    {
      "query_id": "val_001",
      "f1": 0.4705882352941176,
      "hits": [
        "Art. 100 Abs. 1 BGG",
        "Art. 135 Abs. 3 StPO",
        "Art. 135 Abs. 4 StPO",
        "Art. 140 Abs. 1 StGB",
        "Art. 212 Abs. 3 StPO",
        "Art. 221 Abs. 1 StPO",
        "Art. 221 Abs. 2 StPO",
        "Art. 222 StPO",
        "Art. 227 Abs. 1 StPO",
        "Art. 37 Abs. 1 StBOG",
        "Art. 382 Abs. 1 StPO",
        "Art. 385 Abs. 1 StPO",
        "Art. 39 Abs. 1 StBOG",
        "Art. 390 Abs. 2 StPO",
        "Art. 393 Abs. 1 StPO",
        "Art. 396 Abs. 1 StPO",
        "Art. 422 Abs. 1 StPO",
        "Art. 422 Abs. 2 StPO",
        "Art. 428 Abs. 1 StPO",
        "BGE 137 IV 122 E. 6.2"
      ],
      "missed_count": 22,
      "pred_count": 43,
      "gold_count": 42
    },
    {
      "query_id": "val_002",
      "f1": 0.6582278481012659,
      "hits": [
        "Art. 1 Abs. 1 IVG",
        "Art. 100 Abs. 1 BGG",
        "Art. 113 BGG",
        "Art. 17 Abs. 1 IVG",
        "Art. 18d IVG",
        "Art. 28 Abs. 1 IVG",
        "Art. 29 Abs. 1 IVG",
        "Art. 4 Abs. 1 IVG",
        "Art. 56 Abs. 1 ATSG",
        "Art. 6 ATSG",
        "Art. 60 Abs. 1 ATSG",
        "Art. 61 ATSG",
        "Art. 69 Abs. 1 IVG",
        "Art. 69 Abs. 1bis IVG",
        "Art. 8 Abs. 1 ATSG",
        "Art. 8 Abs. 1 IVG",
        "Art. 8 Abs. 3 IVG",
        "Art. 82 BGG",
        "BGE 124 V 108 E. 2b",
        "BGE 132 V 93 E. 4",
        "BGE 134 V 231 E. 5.1",
        "BGE 135 V 39 E. 6.1",
        "BGE 139 V 176 E. 5.3",
        "BGE 139 V 399 E. 5.3",
        "BGE 144 V 427 E. 3.2",
        "BGE 148 V 21 E. 5.3"
      ],
      "missed_count": 10,
      "pred_count": 43,
      "gold_count": 36
    },
    {
      "query_id": "val_003",
      "f1": 0.3333333333333333,
      "hits": [
        "Art. 100 Abs. 1 BGG",
        "Art. 135 Abs. 3 StPO",
        "Art. 135 Abs. 4 StPO",
        "Art. 221 Abs. 1 StPO",
        "Art. 222 StPO",
        "Art. 37 Abs. 1 StBOG",
        "Art. 382 Abs. 1 StPO",
        "Art. 385 Abs. 1 StPO",
        "Art. 39 Abs. 1 StBOG",
        "Art. 390 Abs. 2 StPO",
        "Art. 393 Abs. 1 StPO",
        "Art. 396 Abs. 1 StPO",
        "Art. 422 Abs. 1 StPO",
        "Art. 422 Abs. 2 StPO",
        "Art. 428 Abs. 1 StPO"
      ],
      "missed_count": 32,
      "pred_count": 43,
      "gold_count": 47
    },
    {
      "query_id": "val_004",
      "f1": 0.0,
      "hits": [],
      "missed_count": 10,
      "pred_count": 43,
      "gold_count": 10
    },
    {
      "query_id": "val_005",
      "f1": 0.0,
      "hits": [],
      "missed_count": 11,
      "pred_count": 43,
      "gold_count": 11
    },
    {
      "query_id": "val_006",
      "f1": 0.5901639344262295,
      "hits": [
        "Art. 1 Abs. 1 OR",
        "Art. 100 Abs. 1 BGG",
        "Art. 18 Abs. 1 OR",
        "Art. 248 Abs. 1 OR",
        "Art. 363 OR",
        "Art. 364 Abs. 1 OR",
        "Art. 398 Abs. 2 OR",
        "Art. 41 Abs. 1 OR",
        "Art. 93 Abs. 1 BGG",
        "Art. 97 Abs. 1 OR",
        "Art. 99 Abs. 2 OR",
        "BGE 121 IV 207 E. 2a",
        "BGE 128 III 419 E. 2.2",
        "BGE 129 III 181 E. 3.2",
        "BGE 130 III 417 E. 3.2",
        "BGE 137 III 539 E. 4.1",
        "BGE 137 III 539 E. 5.1",
        "BGE 137 III 539 E. 5.2"
      ],
      "missed_count": 0,
      "pred_count": 43,
      "gold_count": 18
    },
    {
      "query_id": "val_007",
      "f1": 0.6129032258064516,
      "hits": [
        "Art. 100 Abs. 1 IPRG",
        "Art. 15 OR",
        "Art. 16 ZGB",
        "Art. 197 Abs. 1 ZGB",
        "Art. 245 Abs. 2 OR",
        "Art. 292 StGB",
        "Art. 3 Abs. 2 ZGB",
        "Art. 641 Abs. 2 ZGB",
        "Art. 8 ZGB",
        "Art. 933 ZGB",
        "Art. 934 Abs. 1 ZGB",
        "Art. 934 Abs. 1bis ZGB",
        "Art. 934 Abs. 2 ZGB",
        "Art. 940 Abs. 1 ZGB",
        "Art. 98 Abs. 2 IPRG",
        "BGE 132 III 155 E. 4",
        "BGE 139 III 305 E. 5",
        "BGE 141 III 433 E. 2.5.1",
        "BGE 144 III 264 E. 5.1"
      ],
      "missed_count": 0,
      "pred_count": 43,
      "gold_count": 19
    },
    {
      "query_id": "val_008",
      "f1": 0.0,
      "hits": [],
      "missed_count": 29,
      "pred_count": 43,
      "gold_count": 29
    },
    {
      "query_id": "val_009",
      "f1": 0.0,
      "hits": [],
      "missed_count": 14,
      "pred_count": 43,
      "gold_count": 14
    },
    {
      "query_id": "val_010",
      "f1": 0.0,
      "hits": [],
      "missed_count": 25,
      "pred_count": 43,
      "gold_count": 25
    }
  ]
}