{
  "script": "corpus_tfidf_cocitation",
  "output": "submissions\\corpus_tfidf_cocit_1m.csv",
  "elapsed_seconds": 335.87,
  "laws": 175933,
  "courts": 855757,
  "cocit_nodes": 105670,
  "label_cocit_nodes": 2094,
  "median_n": 3,
  "best_fixed_n": 52,
  "best_fixed_f1": 0.2552677021218722,
  "gap_f1": 0.0474833186863262,
  "gap_avg_n": 2.0,
  "use_gap": false,
  "final_val_f1": 0.2552677021218722,
  "fixed_scores": {
    "1": 0.03474955065224343,
    "2": 0.0474833186863262,
    "3": 0.0552953712953713,
    "4": 0.06753816941796481,
    "5": 0.07887792960331937,
    "6": 0.08908310871518418,
    "7": 0.08628133869329882,
    "8": 0.08820823620823622,
    "9": 0.09279645191409897,
    "10": 0.10139334612624284,
    "11": 0.10950123894295324,
    "12": 0.10654395237227385,
    "13": 0.10783195682965267,
    "14": 0.10510661060251225,
    "15": 0.1084045286581989,
    "16": 0.11166422714090056,
    "17": 0.11239261793087345,
    "18": 0.1098036498036498,
    "19": 0.10733605674071593,
    "20": 0.11010943018076283,
    "21": 0.11567253352083073,
    "22": 0.1181120720127741,
    "23": 0.12350052317807589,
    "24": 0.1256468905044077,
    "25": 0.12768468566489516,
    "26": 0.13517718843184778,
    "27": 0.1368701620875534,
    "28": 0.13848361624458927,
    "29": 0.14709500824396807,
    "30": 0.15538136466707897,
    "31": 0.16970675565948545,
    "32": 0.17230581565503383,
    "33": 0.17838095368815646,
    "34": 0.19158145923124406,
    "35": 0.19621846041165253,
    "36": 0.19798342436735045,
    "37": 0.20336881592742156,
    "38": 0.20860752409071734,
    "39": 0.21637231803983084,
    "40": 0.22130053485243878,
    "41": 0.22869768125422846,
    "42": 0.2335239082606991,
    "43": 0.23822355093564812,
    "44": 0.24554135869774713,
    "45": 0.24996561180250584,
    "46": 0.2521280150653934,
    "47": 0.2533993636729862,
    "48": 0.2524330424154078,
    "49": 0.25369781748734443,
    "50": 0.25277254607916805,
    "51": 0.2540284267448723,
    "52": 0.2552677021218722,
    "53": 0.2543851806463957,
    "54": 0.2535300800240751,
    "55": 0.250503356709941,
    "56": 0.24754942274537095,
    "57": 0.2446656360967845,
    "58": 0.24184948320510458,
    "59": 0.2390985711523202,
    "60": 0.23641062040197225
  },
  "avg_test_n": 52.0,
  "extra_outputs": [
    "submissions\\corpus_tfidf_cocit_1m_n10.csv",
    "submissions\\corpus_tfidf_cocit_1m_n20.csv",
    "submissions\\corpus_tfidf_cocit_1m_n30.csv",
    "submissions\\corpus_tfidf_cocit_1m_n40.csv"
  ],
  "expand_query": true,
  "per_query": [
    {
      "query_id": "val_001",
      "f1": 0.4680851063829788,
      "hits": [
        "Art. 100 Abs. 1 BGG",
        "Art. 135 Abs. 3 StPO",
        "Art. 135 Abs. 4 StPO",
        "Art. 140 Abs. 1 StGB",
        "Art. 212 Abs. 3 StPO",
        "Art. 221 Abs. 1 StPO",
        "Art. 221 Abs. 2 StPO",
        "Art. 222 StPO",
        "Art. 227 Abs. 1 StPO",
        "Art. 37 Abs. 1 StBOG",
        "Art. 382 Abs. 1 StPO",
        "Art. 385 Abs. 1 StPO",
        "Art. 39 Abs. 1 StBOG",
        "Art. 390 Abs. 2 StPO",
        "Art. 393 Abs. 1 StPO",
        "Art. 396 Abs. 1 StPO",
        "Art. 422 Abs. 1 StPO",
        "Art. 422 Abs. 2 StPO",
        "Art. 428 Abs. 1 StPO",
        "BGE 132 I 21 E. 3.2.1",
        "BGE 137 IV 122 E. 4.2",
        "BGE 137 IV 122 E. 6.2"
      ],
      "pred_top": [
        "Art. 221 Abs. 1 StPO",
        "Art. 221 Abs. 2 StPO",
        "Art. 212 Abs. 3 StPO",
        "Art. 237 Abs. 1 StPO",
        "Art. 212 Abs. 2 StPO",
        "Art. 36 Abs. 3 BV",
        "Art. 197 Abs. 1 StPO",
        "Art. 237 Abs. 3 StPO",
        "Art. 237 Abs. 2 StPO",
        "Art. 31 Abs. 1 BV",
        "Art. 31 Abs. 3 BV",
        "BGE 137 IV 84 E. 3.2",
        "Art. 197 Abs. 2 StPO",
        "BGE 143 IV 9 E. 2.3.1",
        "Art. 10 Abs. 2 BV",
        "BGE 145 IV 503 E. 3.1",
        "Art. 393 Abs. 1 StPO",
        "Art. 31 Abs. 2 BV",
        "BGE 143 IV 9 E. 2.2",
        "Art. 51 StGB"
      ],
      "missed_count": 20,
      "pred_count": 52,
      "gold_count": 42
    },
    {
      "query_id": "val_002",
      "f1": 0.5909090909090908,
      "hits": [
        "Art. 1 Abs. 1 IVG",
        "Art. 100 Abs. 1 BGG",
        "Art. 113 BGG",
        "Art. 16 ATSG",
        "Art. 17 Abs. 1 IVG",
        "Art. 18d IVG",
        "Art. 28 Abs. 1 IVG",
        "Art. 29 Abs. 1 IVG",
        "Art. 4 Abs. 1 IVG",
        "Art. 56 Abs. 1 ATSG",
        "Art. 6 ATSG",
        "Art. 60 Abs. 1 ATSG",
        "Art. 61 ATSG",
        "Art. 69 Abs. 1 IVG",
        "Art. 69 Abs. 1bis IVG",
        "Art. 8 Abs. 1 ATSG",
        "Art. 8 Abs. 1 IVG",
        "Art. 8 Abs. 3 IVG",
        "Art. 82 BGG",
        "BGE 124 V 108 E. 2b",
        "BGE 132 V 93 E. 4",
        "BGE 134 V 231 E. 5.1",
        "BGE 135 V 39 E. 6.1",
        "BGE 139 V 176 E. 5.3",
        "BGE 144 V 427 E. 3.2",
        "BGE 148 V 21 E. 5.3"
      ],
      "pred_top": [
        "Art. 17 Abs. 1 IVG",
        "Art. 17 Abs. 2 IVG",
        "Art. 8 Abs. 1 ATSG",
        "Art. 8 Abs. 1 IVG",
        "Art. 4 Abs. 1 IVG",
        "Art. 28 Abs. 1 IVG",
        "Art. 28 Abs. 2 IVG",
        "BGE 134 V 231 E. 5.1",
        "Art. 7 Abs. 1 ATSG",
        "Art. 8 Abs. 3 IVG",
        "Art. 16 ATSG",
        "Art. 7 Abs. 2 ATSG",
        "Art. 69 Abs. 1 IVG",
        "Art. 8 Abs. 2 IVG",
        "Art. 15 Abs. 1 IVG",
        "Art. 15 Abs. 2 IVG",
        "Art. 16 Abs. 2 IVG",
        "Art. 18 Abs. 1 IVG",
        "Art. 16 Abs. 1 IVG",
        "Art. 18 Abs. 2 IVG"
      ],
      "missed_count": 10,
      "pred_count": 52,
      "gold_count": 36
    },
    {
      "query_id": "val_003",
      "f1": 0.3232323232323232,
      "hits": [
        "Art. 100 Abs. 1 BGG",
        "Art. 135 Abs. 3 StPO",
        "Art. 135 Abs. 4 StPO",
        "Art. 221 Abs. 1 StPO",
        "Art. 222 StPO",
        "Art. 37 Abs. 1 StBOG",
        "Art. 382 Abs. 1 StPO",
        "Art. 385 Abs. 1 StPO",
        "Art. 39 Abs. 1 StBOG",
        "Art. 390 Abs. 2 StPO",
        "Art. 393 Abs. 1 StPO",
        "Art. 396 Abs. 1 StPO",
        "Art. 422 Abs. 1 StPO",
        "Art. 422 Abs. 2 StPO",
        "Art. 428 Abs. 1 StPO",
        "BGE 143 IV 316 E. 3.1"
      ],
      "pred_top": [
        "Art. 221 Abs. 1 StPO",
        "Art. 221 Abs. 2 StPO",
        "Art. 212 Abs. 3 StPO",
        "Art. 212 Abs. 2 StPO",
        "Art. 237 Abs. 1 StPO",
        "Art. 36 Abs. 3 BV",
        "BGE 143 IV 9 E. 2.3.1",
        "Art. 197 Abs. 1 StPO",
        "Art. 51 StGB",
        "Art. 237 Abs. 2 StPO",
        "BGE 145 IV 503 E. 2.2",
        "BGE 143 IV 160 E. 4.3",
        "BGE 137 IV 13 E. 2.1",
        "BGE 137 IV 13 E. 2.2",
        "BGE 137 IV 84 E. 3.2",
        "Art. 237 Abs. 3 StPO",
        "Art. 31 Abs. 3 BV",
        "BGE 143 IV 9 E. 2.2",
        "BGE 146 IV 136 E. 2.2",
        "BGE 137 IV 122 E. 4.2"
      ],
      "missed_count": 31,
      "pred_count": 52,
      "gold_count": 47
    },
    {
      "query_id": "val_004",
      "f1": 0.06451612903225806,
      "hits": [
        "Art. 505 Abs. 1 ZGB",
        "BGE 131 III 601 E. 3.1"
      ],
      "pred_top": [
        "4A_618/2020 E. 3",
        "Art. 494 Abs. 1 ZGB",
        "Art. 509 Abs. 2 ZGB",
        "Art. 3 Abs. 1 221.434",
        "Art. 510 Abs. 2 ZGB",
        "Art. 204 Abs. 1 ZGB",
        "Art. 457 Abs. 1 ZGB",
        "Art. 457 Abs. 2 ZGB",
        "Art. 462 ZGB",
        "Art. 82 Abs. 3 BVG",
        "Art. 476 Abs. 1 ZGB",
        "Art. 476 Abs. 2 ZGB",
        "Art. 517 Abs. 1 ZGB",
        "Art. 518 Abs. 2 ZGB",
        "Art. 20 Abs. 1 OR",
        "Art. 473 Abs. 3 ZGB",
        "Art. 527 ZGB",
        "Art. 511 Abs. 1 ZGB",
        "4A_618/2020 E. 2",
        "Art. 511 Abs. 2 ZGB"
      ],