{
  "script": "lexical_cocitation",
  "output": "submissions\\lexical_cocitation_v2_valtransfer.csv",
  "elapsed_seconds": 20.77,
  "rows": 40,
  "best_fixed_k": 30,
  "best_fixed_f1": 0.17750135028393457,
  "adaptive_f1": 0.17750135028393457,
  "use_adaptive": false,
  "final_val_f1": 0.17750135028393457,
  "fixed_scores": {
    "5": 0.07331704916173905,
    "8": 0.10288477214793004,
    "10": 0.11337763738142496,
    "12": 0.13576045916490923,
    "15": 0.1429841010881658,
    "20": 0.1536279389014863,
    "25": 0.17223756065839585,
    "30": 0.17750135028393457,
    "35": 0.16681385095610585,
    "40": 0.1550981320128071,
    "45": 0.15079158013472105,
    "50": 0.1524166216425052,
    "60": 0.14416467880639017,
    "70": 0.13387463350545745,
    "80": 0.1253541832554905,
    "100": 0.11358607920137125
  },
  "per_query": [
    {
      "query_id": "val_001",
      "k": 30,
      "f1": 0.4444444444444444,
      "hits": [
        "Art. 100 Abs. 1 BGG",
        "Art. 135 Abs. 3 StPO",
        "Art. 135 Abs. 4 StPO",
        "Art. 212 Abs. 3 StPO",
        "Art. 221 Abs. 1 StPO",
        "Art. 221 Abs. 2 StPO",
        "Art. 222 StPO",
        "Art. 227 Abs. 1 StPO",
        "Art. 382 Abs. 1 StPO",
        "Art. 385 Abs. 1 StPO",
        "Art. 390 Abs. 2 StPO",
        "Art. 393 Abs. 1 StPO",
        "Art. 396 Abs. 1 StPO",
        "Art. 422 Abs. 1 StPO",
        "Art. 422 Abs. 2 StPO",
        "Art. 428 Abs. 1 StPO"
      ],
      "missed": [
        "1B_15/2023 E. 3.1",
        "1B_210/2023 E. 4.1",
        "1B_28/2022 E. 4.1",
        "1B_357/2022 E. 3.1",
        "1B_536/2018 E. 5.1",
        "1B_90/2021 E. 2.1",
        "1B_90/2021 E. 2.4",
        "7B_12/2025 E. 2.2",
        "7B_231/2025 E. 4.1",
        "7B_301/2024 E. 2.4",
        "7B_496/2025 E. 3.2",
        "7B_69/2024 E. 3.3.2",
        "Art. 140 Abs. 1 StGB",
        "Art. 37 Abs. 1 StBOG",
        "Art. 39 Abs. 1 StBOG",
        "BGE 132 I 21 E. 3.2",
        "BGE 132 I 21 E. 3.2.1",
        "BGE 132 I 21 E. 3.2.2",
        "BGE 133 I 168 E. 4.1",
        "BGE 133 I 270 E. 3.4.2",
        "BGE 137 IV 122 E. 4.1",
        "BGE 137 IV 122 E. 4.2",
        "BGE 137 IV 122 E. 6.2",
        "BGE 137 IV 122 E. 6.4",
        "BGE 139 IV 270 E. 3.1",
        "BGE 143 IV 168 E. 5.1"
      ],
      "direct": [
        "Art. 221 Abs. 1 StPO"
      ],
      "abbrevs": [
        "StPO"
      ]
    },
    {
      "query_id": "val_002",
      "k": 30,
      "f1": 0.3333333333333333,
      "hits": [
        "Art. 1 Abs. 1 IVG",
        "Art. 100 Abs. 1 BGG",
        "Art. 17 Abs. 1 IVG",
        "Art. 18d IVG",
        "Art. 28 Abs. 1 IVG",
        "Art. 29 Abs. 1 IVG",
        "Art. 4 Abs. 1 IVG",
        "Art. 69 Abs. 1 IVG",
        "Art. 69 Abs. 1bis IVG",
        "Art. 8 Abs. 1 IVG",
        "Art. 8 Abs. 3 IVG"
      ],
      "missed": [
        "8C_160/2016 E. 4.1",
        "8C_421/2023 E. 2.2",
        "8C_510/2020 E. 2.4",
        "9C_623/2020 E. 4.2",
        "Art. 113 BGG",
        "Art. 16 ATSG",
        "Art. 21 Abs. 4 ATSG",
        "Art. 56 Abs. 1 ATSG",
        "Art. 6 ATSG",
        "Art. 60 Abs. 1 ATSG",
        "Art. 61 ATSG",
        "Art. 8 Abs. 1 ATSG",
        "Art. 82 BGG",
        "BGE 124 V 108 E. 2b",
        "BGE 127 V 205 E. 4b",
        "BGE 132 V 93 E. 4",
        "BGE 134 V 231 E. 5.1",
        "BGE 135 V 39 E. 6.1",
        "BGE 139 V 176 E. 5.3",
        "BGE 139 V 399 E. 5.3",
        "BGE 139 V 399 E. 5.4",
        "BGE 139 V 399 E. 5.5",
        "BGE 140 V 193 E. 3.2",
        "BGE 144 V 427 E. 3.2",
        "BGE 148 V 21 E. 5.3"
      ],
      "direct": [],
      "abbrevs": [
        "IVG"
      ]
    },
    {
      "query_id": "val_003",
      "k": 30,
      "f1": 0.33766233766233766,
      "hits": [
        "Art. 100 Abs. 1 BGG",
        "Art. 135 Abs. 4 StPO",
        "Art. 221 Abs. 1 StPO",
        "Art. 222 StPO",
        "Art. 3 Abs. 2 StPO",
        "Art. 382 Abs. 1 StPO",
        "Art. 385 Abs. 1 StPO",
        "Art. 390 Abs. 2 StPO",
        "Art. 393 Abs. 1 StPO",
        "Art. 396 Abs. 1 StPO",
        "Art. 422 Abs. 1 StPO",
        "Art. 422 Abs. 2 StPO",
        "Art. 428 Abs. 1 StPO"
      ],
      "missed": [
        "1B_192/2022 E. 4.1.2",
        "1B_195/2022 E. 2.2.1",
        "1B_211/2017 E. 2.1",
        "1B_572/2021 E. 2.1",
        "1B_581/2022 E. 2.1.2",
        "1B_88/2022 E. 2.1",
        "2C_501/2020 E. 5.1",
        "Art. 135 Abs. 3 StPO",
        "Art. 16 ZGB",
        "Art. 214 Abs. 4 StPO",
        "Art. 29 Abs. 2 BV",
        "Art. 37 Abs. 1 StBOG",
        "Art. 384 StPO",
        "Art. 39 Abs. 1 StBOG",
        "Art. 467 ZGB",
        "Art. 505 Abs. 1 ZGB",
        "Art. 519 Abs. 1 ZGB",
        "Art. 520 Abs. 1 ZGB",
        "BGE 124 I 208 E. 3",
        "BGE 124 III 5 E. 4",
        "BGE 131 III 106 E. 1.1",
        "BGE 131 III 601 E. 3.1",
        "BGE 137 IV 122 E. 3.2",
        "BGE 139 IV 179 E. 2.2",
        "BGE 139 IV 186 E. 2",
        "BGE 140 I 285 E. 6.3.1",
        "BGE 141 IV 360 E. 3.2",
        "BGE 142 III 48 E. 4.1.1",
        "BGE 143 IV 316 E. 3.1",
        "BGE 143 IV 316 E. 3.2",
        "BGE 143 IV 330 E. 2.1",
        "BGE 143 IV 40 E. 3.4.3",
        "BGE 145 I 167 E. 4.1",
        "BGE 145 IV 99 E. 3.1"
      ],
      "direct": [],
      "abbrevs": [
        "StPO"
      ]
    },
    {
      "query_id": "val_004",
      "k": 30,
      "f1": 0.05,
      "hits": [
        "Art. 471 ZGB"
      ],
      "missed": [
        "Art. 100 Abs. 1 BGG",
        "Art. 20 Abs. 2 OR",
        "Art. 458 Abs. 3 ZGB",
        "Art. 467 ZGB",
        "Art. 469 Abs. 1 ZGB",
        "Art. 469 Abs. 2 ZGB",
        "Art. 505 Abs. 1 ZGB",
        "Art. 520a ZGB",
        "BGE 131 III 601 E. 3.1"
      ],
      "direct": [],
      "abbrevs": []
    },
    {
      "query_id": "val_005",
      "k": 30,
      "f1": 0.04878048780487805,
      "hits": [
        "Art. 100 Abs. 1 BGG"
      ],
      "missed": [
        "Art. 133 Abs. 1 ZGB",
        "Art. 133 Abs. 2 ZGB",
        "Art. 273 Abs. 1 ZGB",
        "Art. 274 Abs. 2 ZGB",
        "Art. 285 Abs. 1 ZGB",
        "BGE 126 III 219 E. 2",
        "BGE 128 III 411 E. 3.2.1",
        "BGE 130 III 585 E. 2.1",
        "BGE 130 III 585 E. 2.2.1",
        "BGE 131 III 209 E. 5"
      ],
      "direct": [],
      "abbrevs": []
    },
    {
      "query_id": "val_006",
      "k": 30,
      "f1": 0.37499999999999994,
      "hits": [
        "Art. 1 Abs. 1 OR",
        "Art. 18 Abs. 1 OR",
        "Art. 248 Abs. 1 OR",
        "Art. 363 OR",
        "Art. 364 Abs. 1 OR",
        "Art. 398 Abs. 2 OR",
        "Art. 41 Abs. 1 OR",
        "Art. 97 Abs. 1 OR",
        "Art. 99 Abs. 2 OR"
      ],
      "missed": [
        "Art. 100 Abs. 1 BGG",
        "Art. 93 Abs. 1 BGG",
        "BGE 121 IV 207 E. 2a",
        "BGE 128 III 419 E. 2.2",
        "BGE 129 III 181 E. 3.2",
        "BGE 130 III 417 E. 3.2",
        "BGE 137 III 539 E. 4.1",
        "BGE 137 III 539 E. 5.1",
        "BGE 137 III 539 E. 5.2"
      ],
      "direct": [
        "Art. 364 Abs. 1 OR",
        "Art. 248 Abs. 1 OR"
      ],
      "abbrevs": [
        "OR"
      ]
    },
    {
      "query_id": "val_007",
      "k": 30,
      "f1": 0.0816326530612245,
      "hits": [
        "Art. 641 Abs. 2 ZGB",
        "Art. 8 ZGB"
      ],